Chandler Bing;0.3235493004322052,0.56360924243927;0.645822286605835,0.5336384177207947;0.4847400486469269,0.6901502013206482;0.517288327217102,0.7933256030082703;0.20514822006225586,0.6074343919754028;0.8593988418579102,0.5480899214744568;
Joey Tribbiani;0.4053516685962677,0.45323923230171204;0.620284914970398,0.4455467164516449;0.5352222323417664,0.5707795023918152;0.5283220410346985,0.680916428565979;0.2632790207862854,0.5090931057929993;0.7067491412162781,0.49536648392677307;
Monica Geller;0.3266195058822632,0.4108320474624634;0.5617824792861938,0.38221293687820435;0.4361119270324707,0.4999735355377197;0.4704188108444214,0.5833936929702759;0.25798219442367554,0.4604343771934509;0.7495861649513245,0.4025462865829468;
Phoebe Buffay;0.3744870126247406,0.5131609439849854;0.6449258327484131,0.4811374843120575;0.5078122019767761,0.630412757396698;0.5332140922546387,0.7607038617134094;0.27169862389564514,0.5922726988792419;0.8251049518585205,0.5320183634757996;
Rachel Green;0.37990695238113403,0.36566197872161865;0.6407589912414551,0.4086225628852844;0.4559800624847412,0.5349252223968506;0.4477170705795288,0.6403266787528992;0.27871161699295044,0.38094332814216614;0.811241626739502,0.4654332995414734;
Ross Geller;0.360590398311615,0.6021232604980469;0.5962368845939636,0.5556480884552002;0.4924356937408447,0.7308706641197205;0.5274836421012878,0.8136700987815857;0.2800179719924927,0.6294736266136169;0.7590632438659668,0.5335611701011658;
Chandler Bing;0.5097254514694214,0.2368236780166626;0.5555959343910217,0.2502428889274597;0.5507210493087769,0.3029016852378845;0.5360573530197144,0.3567884564399719;0.4363963305950165,0.25253403186798096;0.5466483235359192,0.2784157395362854;
Rachel Green;0.5758246779441833,0.24007564783096313;0.6295230984687805,0.2326502799987793;0.5819488763809204,0.2967647314071655;0.5924272537231445,0.3677908778190613;0.5758920907974243,0.27822166681289673;0.7081736326217651,0.2719142436981201;
Chandler Bing;0.39763498306274414,0.2569885849952698;0.44982054829597473,0.26323848962783813;0.4373958110809326,0.3263247609138489;0.4283726215362549,0.3757641911506653;0.33662691712379456,0.26597094535827637;0.456089586019516,0.2751963138580322;
Rachel Green;0.48983439803123474,0.29547232389450073;0.5380891561508179,0.31085407733917236;0.4824565649032593,0.378837525844574;0.4898117780685425,0.4402121305465698;0.49614784121513367,0.30128830671310425;0.6208311915397644,0.3404700756072998;
Rachel Green;0.5181629061698914,0.23137128353118896;0.5761630535125732,0.23590153455734253;0.5172162652015686,0.30333876609802246;0.5275581479072571,0.3743818402290344;0.5240994095802307,0.26113325357437134;0.6634636521339417,0.2793313264846802;
Monica Geller;0.5137559771537781,0.20611727237701416;0.5681390166282654,0.22656923532485962;0.5304959416389465,0.25597524642944336;0.5246790051460266,0.3163306713104248;0.48232242465019226,0.2411799430847168;0.6029350161552429,0.290024995803833;
Monica Geller;0.5290428400039673,0.30727171897888184;0.5898444056510925,0.33189499378204346;0.5488461852073669,0.3817262649536133;0.5426618456840515,0.4346475601196289;0.4940926730632782,0.31339889764785767;0.627098023891449,0.3684768080711365;
Monica Geller;0.5101035833358765,0.2594195604324341;0.5655516386032104,0.2751350402832031;0.5368965864181519,0.33186525106430054;0.5310994386672974,0.377360463142395;0.4685957729816437,0.2591867446899414;0.5921263694763184,0.29032933712005615;
Chandler Bing;0.45749741792678833,0.2754652500152588;0.5183143019676208,0.27178364992141724;0.49633121490478516,0.33488529920578003;0.49452027678489685,0.38498079776763916;0.4112818241119385,0.29904764890670776;0.5440117120742798,0.2889254093170166;
Chandler Bing;0.5071801543235779,0.2655014395713806;0.5623010396957397,0.2621229290962219;0.538033664226532,0.32524168491363525;0.538580060005188,0.3706172704696655;0.4721262753009796,0.2816770076751709;0.5937888622283936,0.27158045768737793;
Monica Geller;0.5120729207992554,0.22078895568847656;0.5610637664794922,0.2483668327331543;0.5116652846336365,0.2789812684059143;0.5090261697769165,0.33933138847351074;0.501388669013977,0.24321246147155762;0.6171073913574219,0.31028932332992554;
Monica Geller;0.5652207732200623,0.25025880336761475;0.613161563873291,0.28270334005355835;0.5781468749046326,0.32628899812698364;0.5678820610046387,0.3674200773239136;0.5304703712463379,0.23640024662017822;0.6380677819252014,0.3084946274757385;
Chandler Bing;0.47804322838783264,0.27874159812927246;0.5373955965042114,0.2750813961029053;0.511669397354126,0.34905314445495605;0.5124959945678711,0.3935398459434509;0.4405800998210907,0.28877192735671997;0.5703192353248596,0.2787783741950989;
Monica Geller;0.4939671456813812,0.2740602493286133;0.5474324822425842,0.2832787036895752;0.5031778812408447,0.34927982091903687;0.5077722668647766,0.39865046739578247;0.4851473569869995,0.27452510595321655;0.6087728142738342,0.2972477078437805;
Monica Geller;0.4843222200870514,0.21466481685638428;0.5341892242431641,0.23336070775985718;0.4840424060821533,0.2829325795173645;0.486304372549057,0.3402382731437683;0.4795577824115753,0.23078835010528564;0.5987980961799622,0.27786678075790405;
Chandler Bing;0.5317379832267761,0.24052667617797852;0.5937031507492065,0.2380698323249817;0.5716238021850586,0.2891520857810974;0.5690855979919434,0.3463858366012573;0.48253127932548523,0.282687783241272;0.6169096231460571,0.2755521535873413;
Chandler Bing;0.38628265261650085,0.3164491057395935;0.4472528100013733,0.2944191098213196;0.4332215487957001,0.3663973808288574;0.43478822708129883,0.4180717468261719;0.33766651153564453,0.35408246517181396;0.47057652473449707,0.3042447566986084;
Monica Geller;0.5131505131721497,0.23503881692886353;0.5654454827308655,0.24591898918151855;0.5146484375,0.30194228887557983;0.520092248916626,0.36132198572158813;0.5106950402259827,0.25330179929733276;0.6351326704025269,0.28399813175201416;
Chandler Bing;0.4602159261703491,0.23306316137313843;0.5020313858985901,0.22166156768798828;0.5082206130027771,0.27353423833847046;0.5036084651947021,0.33196592330932617;0.39406368136405945,0.286604642868042;0.49569323658943176,0.2537418007850647;
Joey Tribbiani;0.3460017144680023,0.28552502393722534;0.3855099678039551,0.24675625562667847;0.3732294738292694,0.32069897651672363;0.38752636313438416,0.35991930961608887;0.3355450928211212,0.31689345836639404;0.42758890986442566,0.23239928483963013;
Joey Tribbiani;0.33374452590942383,0.36655014753341675;0.38480323553085327,0.31814253330230713;0.37003105878829956,0.3991251587867737;0.3870638906955719,0.44583070278167725;0.3180775046348572,0.4072016477584839;0.43233615159988403,0.30087345838546753;
Chandler Bing;0.5405359268188477,0.2026139497756958;0.5985555648803711,0.21702027320861816;0.5569710731506348,0.27210134267807007;0.5556232333183289,0.3245375156402588;0.5168752670288086,0.21326476335525513;0.6455506682395935,0.24598795175552368;
Rachel Green;0.3332344591617584,0.30547064542770386;0.39223775267601013,0.30235034227371216;0.3369869887828827,0.37105458974838257;0.3477315902709961,0.4371578097343445;0.33788710832595825,0.33058810234069824;0.47742438316345215,0.33159613609313965;
Chandler Bing;0.5141111016273499,0.22319668531417847;0.5801235437393188,0.23835402727127075;0.5426192283630371,0.2981606721878052;0.5400909185409546,0.3566155433654785;0.47574111819267273,0.24404609203338623;0.6199966669082642,0.2735441327095032;
Chandler Bing;0.5073950290679932,0.25638920068740845;0.5631659030914307,0.25950074195861816;0.5233213305473328,0.3258192539215088;0.5285162925720215,0.3769335150718689;0.4921371340751648,0.27230364084243774;0.6182998418807983,0.27822762727737427;
Chandler Bing;0.45257920026779175,0.2912801504135132;0.4903099834918976,0.26832568645477295;0.45631998777389526,0.3434484004974365;0.4770399034023285,0.39180028438568115;0.4718034863471985,0.30814075469970703;0.5675819516181946,0.2565048336982727;
Chandler Bing;0.5465602278709412,0.35604530572891235;0.6030214428901672,0.3407561779022217;0.5899039506912231,0.41374462842941284;0.589870035648346,0.46627503633499146;0.49676793813705444,0.38718003034591675;0.6231170892715454,0.35097604990005493;
Other;0.5042366981506348,0.34091782569885254;0.5555270910263062,0.3520238995552063;0.5402579307556152,0.4153919816017151;0.5291603803634644,0.46443504095077515;0.4434652328491211,0.3439316153526306;0.5624799132347107,0.36885887384414673;
Other;0.5116596817970276,0.315027117729187;0.5658519268035889,0.3249010443687439;0.554539680480957,0.387643039226532;0.5426025986671448,0.441922128200531;0.4418884813785553,0.3282995820045471;0.568558931350708,0.3471393585205078;
Other;0.5687651634216309,0.30525434017181396;0.6163578033447266,0.3256486654281616;0.6083647608757019,0.39373016357421875;0.5884721279144287,0.4454782009124756;0.4867832660675049,0.2932136654853821;0.6047403216362,0.3420751094818115;
Other;0.5301811695098877,0.2902575135231018;0.5892043113708496,0.2875972390174866;0.567245602607727,0.3536030054092407;0.5663920640945435,0.40208226442337036;0.4857409596443176,0.3124128580093384;0.6133434176445007,0.3026316165924072;
Other;0.5183397531509399,0.25320589542388916;0.5789288282394409,0.24869638681411743;0.5630089044570923,0.2966959476470947;0.5595930814743042,0.355818510055542;0.4632542133331299,0.30126500129699707;0.5949857831001282,0.2854001522064209;
Other;0.5128891468048096,0.2663573622703552;0.5698004364967346,0.26464223861694336;0.5588709712028503,0.31633877754211426;0.5540015697479248,0.37386149168014526;0.4544411301612854,0.30817902088165283;0.5801750421524048,0.2937467694282532;
Other;0.4788138270378113,0.2746599316596985;0.5366283655166626,0.24153971672058105;0.528800368309021,0.3147985339164734;0.5342710614204407,0.3744739890098572;0.4307931363582611,0.33289313316345215;0.5599216222763062,0.257529616355896;
Other;0.4778212606906891,0.26795274019241333;0.536162257194519,0.2559451460838318;0.5178952813148499,0.312965989112854;0.5194153785705566,0.3702887296676636;0.43316662311553955,0.31413209438323975;0.5613271594047546,0.2841185927391052;
Chandler Bing;0.33071672916412354,0.2577984929084778;0.38570889830589294,0.25606024265289307;0.3621256947517395,0.3028114438056946;0.36242061853408813,0.35254037380218506;0.2937208414077759,0.2918972373008728;0.41436901688575745,0.2838629484176636;
Chandler Bing;0.34253960847854614,0.30528414249420166;0.39240169525146484,0.31119346618652344;0.37995150685310364,0.37029343843460083;0.3707845211029053,0.4151601195335388;0.2841610908508301,0.3103448748588562;0.3986455798149109,0.32171016931533813;
Other;0.6652193665504456,0.4548078775405884;0.7103930115699768,0.46471381187438965;0.6728077530860901,0.5159075260162354;0.6747265458106995,0.5633609294891357;0.6549445390701294,0.4658949375152588;0.7611315250396729,0.49108999967575073;
Other;0.4868069589138031,0.29042941331863403;0.5464178323745728,0.27638715505599976;0.5406813025474548,0.3401811718940735;0.5357779264450073,0.40384966135025024;0.41731396317481995,0.34071850776672363;0.5533121228218079,0.30569207668304443;
Chandler Bing;0.26444220542907715,0.2965657711029053;0.3165137469768524,0.2925543785095215;0.27328166365623474,0.35472702980041504;0.2815662920475006,0.4129451513290405;0.26010754704475403,0.3263694643974304;0.38237884640693665,0.32272863388061523;
Other;0.5689317584037781,0.40361350774765015;0.6190448999404907,0.3946354389190674;0.5876190066337585,0.4469759464263916;0.594421923160553,0.5037224888801575;0.553374171257019,0.4367830753326416;0.6697337627410889,0.42104852199554443;
Other;0.5487836003303528,0.32736074924468994;0.6029250025749207,0.32616370916366577;0.592212438583374,0.38217782974243164;0.5828328132629395,0.4396459460258484;0.483656108379364,0.3565869927406311;0.6062636375427246,0.355157732963562;
Other;0.5003315806388855,0.28839826583862305;0.5469784736633301,0.28335040807724;0.5536478757858276,0.3416026830673218;0.541765570640564,0.4034287929534912;0.41539087891578674,0.3318374752998352;0.5303597450256348,0.3151196241378784;
Other;0.49488162994384766,0.27862614393234253;0.5475199222564697,0.2777075171470642;0.5461209416389465,0.3375571370124817;0.5344247221946716,0.3981192111968994;0.4153647720813751,0.31311190128326416;0.5387883186340332,0.306174099445343;
Other;0.4897456467151642,0.31364428997039795;0.5514169335365295,0.3153120279312134;0.5423824787139893,0.3850986957550049;0.5308799147605896,0.44827842712402344;0.4109940826892853,0.340972900390625;0.5515477657318115,0.3417215347290039;
Other;0.4560280740261078,0.3145132064819336;0.5238014459609985,0.3241128921508789;0.5048290491104126,0.39747607707977295;0.49466678500175476,0.4598957300186157;0.3848801851272583,0.3326501250267029;0.5349550247192383,0.3461933135986328;
Other;0.4501383602619171,0.20140624046325684;0.5206272602081299,0.20977729558944702;0.4964696764945984,0.2674716114997864;0.488292932510376,0.3385372757911682;0.3857286870479584,0.24470573663711548;0.538507342338562,0.2583058476448059;
Other;0.45157235860824585,0.27647387981414795;0.519304633140564,0.2844081521034241;0.49421408772468567,0.35449475049972534;0.48797258734703064,0.41165071725845337;0.39484021067619324,0.29379093647003174;0.5413128733634949,0.3064138889312744;
Rachel Green;0.2630828022956848,0.2698826789855957;0.3135037124156952,0.26456886529922485;0.2748571038246155,0.3304007649421692;0.283735454082489,0.3825671076774597;0.2561373710632324,0.2890370488166809;0.37420618534088135,0.2805938124656677;
Rachel Green;0.2589935064315796,0.28440070152282715;0.30499589443206787,0.26485830545425415;0.26964113116264343,0.3360690474510193;0.2836410105228424,0.38786572217941284;0.260963499546051,0.3082084655761719;0.3723900318145752,0.27078700065612793;
Monica Geller;0.6394097805023193,0.21995246410369873;0.689886748790741,0.23036980628967285;0.6550548076629639,0.2703583240509033;0.6536034941673279,0.32759159803390503;0.6149103045463562,0.25445789098739624;0.7291309833526611,0.27962398529052734;
Joey Tribbiani;0.43413498997688293,0.22958505153656006;0.4899255037307739,0.24333906173706055;0.4569750726222992,0.29242438077926636;0.45411527156829834,0.3405359387397766;0.4017144739627838,0.24455535411834717;0.5245031714439392,0.2719816565513611;
Joey Tribbiani;0.3968525230884552,0.2647984027862549;0.44008052349090576,0.26170212030410767;0.405750036239624,0.33233702182769775;0.41463780403137207,0.3768573999404907;0.394278883934021,0.2693842053413391;0.49803024530410767,0.2634126543998718;
Joey Tribbiani;0.4962462782859802,0.24748128652572632;0.5270155668258667,0.296511709690094;0.5019450187683105,0.3273455500602722;0.48036426305770874,0.35390496253967285;0.45084571838378906,0.1993350386619568;0.5266228914260864,0.31388646364212036;
Joey Tribbiani;0.5788455605506897,0.23105943202972412;0.6427382826805115,0.2500585913658142;0.6064590215682983,0.3111884593963623;0.601453423500061,0.3586740493774414;0.5376983284950256,0.2309606671333313;0.6752200722694397,0.26801544427871704;
Chandler Bing;0.5557599663734436,0.24374449253082275;0.6160865426063538,0.2777397036552429;0.5648691058158875,0.3164670467376709;0.559719979763031,0.3737143874168396;0.5325941443443298,0.25622373819351196;0.6666797995567322,0.33093249797821045;
Joey Tribbiani;0.475025475025177,0.3060821294784546;0.5327489972114563,0.3055853843688965;0.5054908990859985,0.38160401582717896;0.5058313608169556,0.4190298318862915;0.43952178955078125,0.2971786856651306;0.5662810802459717,0.2947900891304016;
Joey Tribbiani;0.4538590610027313,0.29504406452178955;0.4988536834716797,0.3083021640777588;0.4920644462108612,0.3562416434288025;0.4796772599220276,0.40653836727142334;0.3879476487636566,0.30924755334854126;0.4954480528831482,0.3338150382041931;
Joey Tribbiani;0.5031522512435913,0.2928106188774109;0.563836395740509,0.3056410551071167;0.5395427942276001,0.3726446032524109;0.5333966016769409,0.4159810543060303;0.4516294300556183,0.2874535918235779;0.5849361419677734,0.3089967966079712;
Joey Tribbiani;0.5285239219665527,0.3149683475494385;0.5823878049850464,0.3346647024154663;0.5411287546157837,0.4038504362106323;0.5401659607887268,0.4297659397125244;0.5066986083984375,0.26568686962127686;0.6283375024795532,0.30898386240005493;
Ross Geller;0.42944955825805664,0.2549006938934326;0.4857540726661682,0.25513648986816406;0.47521111369132996,0.3105262517929077;0.4681576192378998,0.37302732467651367;0.3652941882610321,0.2959401607513428;0.493881493806839,0.29038935899734497;
Ross Geller;0.42406004667282104,0.2170003056526184;0.46390748023986816,0.2050725817680359;0.46851828694343567,0.2474215030670166;0.46370476484298706,0.3076138496398926;0.3622708022594452,0.28161150217056274;0.45816341042518616,0.25011032819747925;
Ross Geller;0.40411603450775146,0.21196675300598145;0.44364112615585327,0.20774435997009277;0.4464071989059448,0.2527948021888733;0.4395514130592346,0.30581533908843994;0.3420087993144989,0.2565215826034546;0.43877890706062317,0.2398114800453186;
Ross Geller;0.3980109989643097,0.2552846670150757;0.4542244076728821,0.25693565607070923;0.4407942295074463,0.30542993545532227;0.43597298860549927,0.36246657371520996;0.3419812321662903,0.2947790026664734;0.4674200117588043,0.2896270155906677;
Ross Geller;0.36079466342926025,0.2564923167228699;0.4209415316581726,0.25239652395248413;0.4118046462535858,0.31979256868362427;0.4029887020587921,0.38435959815979004;0.2870233654975891,0.2940657138824463;0.42514851689338684,0.284373939037323;
Joey Tribbiani;0.45724400877952576,0.23551416397094727;0.5168395638465881,0.24491941928863525;0.4818468689918518,0.30671149492263794;0.48098912835121155,0.35098862648010254;0.4262511730194092,0.2386055588722229;0.5559079647064209,0.25588250160217285;
Joey Tribbiani;0.4151631295681,0.2650797367095947;0.47224149107933044,0.24545049667358398;0.4555859863758087,0.3142964243888855;0.4612216055393219,0.3625218868255615;0.3781755566596985,0.3012621998786926;0.5022364258766174,0.25226467847824097;
Chandler Bing;0.5939106941223145,0.19677376747131348;0.6464042663574219,0.21050912141799927;0.6177184581756592,0.2572017312049866;0.6137045621871948,0.3062930107116699;0.5576003193855286,0.21390455961227417;0.673349142074585,0.24192339181900024;
Joey Tribbiani;0.541773796081543,0.2565397620201111;0.6043654680252075,0.2558356523513794;0.5846080183982849,0.3160352110862732;0.5798641443252563,0.37022000551223755;0.48515644669532776,0.2836354374885559;0.6217734813690186,0.27965301275253296;
Joey Tribbiani;0.5203072428703308,0.2837771773338318;0.5801281332969666,0.3018002510070801;0.5510254502296448,0.36809295415878296;0.5427770614624023,0.4130208492279053;0.47100144624710083,0.27372270822525024;0.603143036365509,0.31111907958984375;
Chandler Bing;0.45352402329444885,0.33742135763168335;0.4972808361053467,0.2804943323135376;0.47800177335739136,0.36861807107925415;0.5024474859237671,0.41883909702301025;0.4584980309009552,0.37871623039245605;0.5633733868598938,0.2579502463340759;
Chandler Bing;0.6076188683509827,0.2732509970664978;0.6625815629959106,0.31029099225997925;0.6214739084243774,0.3642348647117615;0.6100821495056152,0.4015098214149475;0.5697916150093079,0.24203014373779297;0.6908118724822998,0.3248770833015442;
Chandler Bing;0.5887135863304138,0.24048149585723877;0.6437607407569885,0.2855190634727478;0.5929703116416931,0.3313469886779785;0.5836501717567444,0.3745644688606262;0.5644802451133728,0.21872037649154663;0.688280463218689,0.3159434199333191;
Phoebe Buffay;0.5314247608184814,0.2399677038192749;0.5818931460380554,0.25638604164123535;0.5659462213516235,0.3132217526435852;0.5484407544136047,0.3602585792541504;0.4637385904788971,0.23038727045059204;0.579954981803894,0.2722175121307373;
Chandler Bing;0.3604307472705841,0.3653998374938965;0.4243098199367523,0.34573227167129517;0.3922220468521118,0.42311275005340576;0.4017769694328308,0.47222602367401123;0.3392113149166107,0.39519572257995605;0.47547149658203125,0.3511658310890198;
Phoebe Buffay;0.4723776876926422,0.2921465039253235;0.5382550358772278,0.3014063835144043;0.5042357444763184,0.36838430166244507;0.4998316168785095,0.42154502868652344;0.42845362424850464,0.2950901985168457;0.5726034641265869,0.3141975998878479;
Chandler Bing;0.46018651127815247,0.4172482490539551;0.5155404210090637,0.39458590745925903;0.5211028456687927,0.4606444835662842;0.5168964266777039,0.5290024280548096;0.3813092112541199,0.4873640537261963;0.5102578997612,0.43159765005111694;
Monica Geller;0.49193936586380005,0.29664498567581177;0.5539621710777283,0.29261016845703125;0.515171229839325,0.37163102626800537;0.5212153792381287,0.4190768003463745;0.4728397727012634,0.3049543499946594;0.6093533039093018,0.29762178659439087;
Monica Geller;0.4767182171344757,0.2934330105781555;0.5331196188926697,0.2999168038368225;0.49779823422431946,0.3667340874671936;0.5005615949630737,0.4070513844490051;0.4546719193458557,0.2895410656929016;0.5781341195106506,0.3006036877632141;
Monica Geller;0.4926665723323822,0.23385876417160034;0.5342743396759033,0.24722790718078613;0.48523378372192383,0.2901621460914612;0.492007315158844,0.3463099002838135;0.5017688274383545,0.2588215470314026;0.6086653470993042,0.29325467348098755;
Monica Geller;0.4544309675693512,0.24267488718032837;0.4930761158466339,0.26198309659957886;0.4441898763179779,0.2968461513519287;0.4478408694267273,0.35696887969970703;0.46286043524742126,0.27105051279067993;0.5647740364074707,0.31823259592056274;
Phoebe Buffay;0.43942511081695557,0.2805609703063965;0.5072343349456787,0.28644269704818726;0.4882640540599823,0.34618163108825684;0.4796082377433777,0.40897971391677856;0.3706226050853729,0.3080461621284485;0.5213145613670349,0.3144623637199402;
Phoebe Buffay;0.45872241258621216,0.29250800609588623;0.5151610374450684,0.29608917236328125;0.49896231293678284,0.3605530261993408;0.4896819293498993,0.41517478227615356;0.39778298139572144,0.30425524711608887;0.5265262126922607,0.31184619665145874;
Phoebe Buffay;0.4814549684524536,0.2632099986076355;0.5363876819610596,0.2523512840270996;0.5312577486038208,0.3195766806602478;0.5217616558074951,0.37485402822494507;0.409061074256897,0.28833097219467163;0.5354376435279846,0.2664501667022705;
Phoebe Buffay;0.476448655128479,0.28159958124160767;0.5374236702919006,0.2832825183868408;0.5197814702987671,0.3446122407913208;0.5086420178413391,0.40056121349334717;0.4105542004108429,0.30097270011901855;0.5451287627220154,0.3086153268814087;
Phoebe Buffay;0.502545177936554,0.2788570523262024;0.5578731298446655,0.2833176255226135;0.5436573028564453,0.34606611728668213;0.5331024527549744,0.4018027186393738;0.4377260208129883,0.2937151789665222;0.5653001666069031,0.30386418104171753;
Phoebe Buffay;0.4867207705974579,0.2339458465576172;0.5470626950263977,0.22479009628295898;0.5328245162963867,0.2915322184562683;0.527644693851471,0.3533604145050049;0.42471975088119507,0.27002644538879395;0.5622270703315735,0.25133293867111206;
Phoebe Buffay;0.50130695104599,0.2969663143157959;0.5631960034370422,0.29462122917175293;0.5329200029373169,0.35847336053848267;0.5320788621902466,0.41240835189819336;0.46396347880363464,0.3155856728553772;0.6004948616027832,0.31091856956481934;
Monica Geller;0.48942214250564575,0.24593627452850342;0.5433790683746338,0.24816840887069702;0.5093960762023926,0.30770039558410645;0.5121147036552429,0.3530198931694031;0.4693051278591156,0.25623613595962524;0.5890411138534546,0.26023703813552856;
Monica Geller;0.46733489632606506,0.25899577140808105;0.516154944896698,0.2530176639556885;0.48317527770996094,0.3279532790184021;0.49144983291625977,0.37245047092437744;0.457552433013916,0.26878196001052856;0.5697565674781799,0.2555053234100342;
Monica Geller;0.47387948632240295,0.2335837483406067;0.5291123986244202,0.23750793933868408;0.4870544373989105,0.29952389001846313;0.49238744378089905,0.3481523394584656;0.4642595648765564,0.24546587467193604;0.5877463221549988,0.25340211391448975;
Chandler Bing;0.41926541924476624,0.43242335319519043;0.492728054523468,0.42019426822662354;0.46843865513801575,0.4910956621170044;0.4690806269645691,0.5549945831298828;0.36627960205078125,0.47735410928726196;0.5244179368019104,0.44581669569015503;
Joey Tribbiani;0.05428914353251457,0.20542991161346436;0.11390245705842972,0.14460527896881104;0.09981173276901245,0.25198298692703247;0.11821804195642471,0.2911919951438904;0.035402797162532806,0.23749524354934692;0.16349215805530548,0.10641908645629883;
Joey Tribbiani;0.21473398804664612,0.23782187700271606;0.2794993221759796,0.2412736415863037;0.239292711019516,0.30916059017181396;0.24025782942771912,0.3631073832511902;0.187448188662529,0.2521519064903259;0.32833331823349,0.2603597640991211;
Joey Tribbiani;0.31506064534187317,0.22152966260910034;0.3791710138320923,0.24839037656784058;0.32767540216445923,0.3002311587333679;0.3236285448074341,0.3600651025772095;0.29055845737457275,0.2367333173751831;0.43064555525779724,0.299149751663208;
Joey Tribbiani;0.240620955824852,0.29102301597595215;0.2999570369720459,0.25224363803863525;0.2731628119945526,0.33605122566223145;0.28717926144599915,0.3895370364189148;0.22459356486797333,0.3293708562850952;0.3559302091598511,0.2500796318054199;
Joey Tribbiani;0.28978240489959717,0.2807183265686035;0.34233149886131287,0.3005722761154175;0.30121779441833496,0.3457796573638916;0.2987169623374939,0.3964412808418274;0.26951631903648376,0.29218077659606934;0.38714244961738586,0.3365251421928406;
Joey Tribbiani;0.3096081614494324,0.26205891370773315;0.3556741178035736,0.30137181282043457;0.3102905750274658,0.34210413694381714;0.3034193515777588,0.38341546058654785;0.29202592372894287,0.24817878007888794;0.3961896598339081,0.3350362181663513;
Joey Tribbiani;0.32309719920158386,0.24348998069763184;0.37564125657081604,0.29998481273651123;0.3252262771129608,0.33758896589279175;0.3124021887779236,0.3820469379425049;0.29589709639549255,0.22001945972442627;0.41295328736305237,0.3417438864707947;
Chandler Bing;0.4008030593395233,0.36655622720718384;0.4690741300582886,0.35582250356674194;0.45141780376434326,0.41473883390426636;0.45033594965934753,0.4739798903465271;0.3437853157520294,0.41738080978393555;0.490631103515625,0.3854607343673706;
Chandler Bing;0.41455698013305664,0.3033773899078369;0.479434996843338,0.29337143898010254;0.462583988904953,0.3467750549316406;0.46113067865371704,0.40914928913116455;0.3592666983604431,0.3568999171257019;0.4991590082645416,0.3275787830352783;
Phoebe Buffay;0.4550779163837433,0.21617776155471802;0.5027186870574951,0.2303646206855774;0.49965137243270874,0.300831139087677;0.4796491861343384,0.36355382204055786;0.3656665086746216,0.21654433012008667;0.4860113263130188,0.24920552968978882;
Rachel Green;0.30464887619018555,0.290435791015625;0.35211920738220215,0.31225651502609253;0.3414902687072754,0.38425540924072266;0.3228524625301361,0.4272959232330322;0.22931908071041107,0.25745463371276855;0.34252896904945374,0.3073129653930664;
Monica Geller;0.6061511039733887,0.2976040840148926;0.6446423530578613,0.29811108112335205;0.6055095791816711,0.34984105825424194;0.6148667931556702,0.39731329679489136;0.6158531308174133,0.3099325895309448;0.7126144170761108,0.31177228689193726;
Rachel Green;0.24044229090213776,0.33246439695358276;0.2967836260795593,0.33516842126846313;0.2679468095302582,0.40268760919570923;0.26775461435317993,0.44809526205062866;0.20737268030643463,0.3326842188835144;0.3318709135055542,0.33632951974868774;
Chandler Bing;0.4517343044281006,0.32301342487335205;0.5013912916183472,0.32606661319732666;0.49022597074508667,0.35855960845947266;0.4835933446884155,0.4181082248687744;0.3972448706626892,0.3728806972503662;0.5090753436088562,0.3725799322128296;
Ross Geller;0.5734729766845703,0.26707977056503296;0.6372526288032532,0.2630774974822998;0.6013756394386292,0.3309299945831299;0.6051793098449707,0.3850063681602478;0.5459628105163574,0.295528769493103;0.6832575798034668,0.28677845001220703;
Joey Tribbiani;0.8858886957168579,0.21567845344543457;0.9463940262794495,0.2118816375732422;0.9246008396148682,0.2644262909889221;0.9230255484580994,0.3214896321296692;0.8399960994720459,0.25309044122695923;0.9718977212905884,0.24059700965881348;
Joey Tribbiani;0.6018937826156616,0.255903959274292;0.6635206937789917,0.24268686771392822;0.651102602481842,0.2967594265937805;0.6487585306167603,0.36211127042770386;0.543354868888855,0.3167852759361267;0.677902102470398,0.2828974723815918;
Phoebe Buffay;0.4578911066055298,0.22772610187530518;0.5138627290725708,0.24440449476242065;0.497813880443573,0.27988213300704956;0.4857121407985687,0.3450965881347656;0.39227405190467834,0.26513105630874634;0.5203989148139954,0.2970837354660034;
Ross Geller;0.5257874727249146,0.2738461494445801;0.5806055665016174,0.2903735041618347;0.541107177734375,0.3325756788253784;0.5398178696632385,0.38855040073394775;0.5024484395980835,0.2967255115509033;0.6253808736801147,0.3319876194000244;
Ross Geller;0.4856421947479248,0.26580363512039185;0.5422206521034241,0.264303982257843;0.5073614120483398,0.3138100504875183;0.5087780952453613,0.37653207778930664;0.46017584204673767,0.3050757050514221;0.5867621898651123,0.3075956106185913;
Ross Geller;0.5096456408500671,0.29762697219848633;0.5615591406822205,0.29504865407943726;0.5261220335960388,0.3635289669036865;0.5325108766555786,0.41296350955963135;0.4955499768257141,0.31226682662963867;0.6143300533294678,0.30687952041625977;
Ross Geller;0.4887707829475403,0.2930927276611328;0.5431708693504333,0.30096369981765747;0.497482031583786,0.35351723432540894;0.5012134909629822,0.41047751903533936;0.47868067026138306,0.31856805086135864;0.6029400825500488,0.34169846773147583;
Ross Geller;0.4961932599544525,0.2832214832305908;0.5542264580726624,0.29794806241989136;0.5137491226196289,0.3462510108947754;0.5120300054550171,0.39918750524520874;0.4708477258682251,0.3005174994468689;0.5986174941062927,0.3342632055282593;
Ross Geller;0.5506170988082886,0.2687750458717346;0.6051074862480164,0.2948654294013977;0.5788942575454712,0.33491939306259155;0.56907057762146,0.38262391090393066;0.501876950263977,0.2816767692565918;0.6187735795974731,0.3302961587905884;
Ross Geller;0.5102720260620117,0.21755450963974;0.572227418422699,0.23838073015213013;0.5314316749572754,0.2742133140563965;0.5266132950782776,0.33724266290664673;0.47649040818214417,0.25061726570129395;0.6123455762863159,0.29449325799942017;
Ross Geller;0.5214109420776367,0.23358362913131714;0.5782485008239746,0.2542133331298828;0.5325400233268738,0.2928851246833801;0.5304533243179321,0.35536623001098633;0.5008054971694946,0.260081946849823;0.6296770572662354,0.3070293068885803;
Ross Geller;0.5097114443778992,0.2873518466949463;0.5619068145751953,0.29543042182922363;0.5266075730323792,0.35288453102111816;0.5262863636016846,0.3971688151359558;0.4873484671115875,0.29314321279525757;0.603078305721283,0.3122597336769104;
Chandler Bing;0.44554227590560913,0.2750665545463562;0.4966620206832886,0.28701454401016235;0.4882310926914215,0.34022241830825806;0.4790632426738739,0.3939681649208069;0.380616158246994,0.2953619956970215;0.5005745887756348,0.3088459372520447;
Chandler Bing;0.5232506990432739,0.24697494506835938;0.5748668909072876,0.23436474800109863;0.5416720509529114,0.30416184663772583;0.55020672082901,0.3573557734489441;0.5109055638313293,0.2741963863372803;0.6297683119773865,0.25033122301101685;
Chandler Bing;0.5412548184394836,0.2634689211845398;0.5996545553207397,0.26027482748031616;0.5725839138031006,0.33061522245407104;0.5734692215919495,0.3830323815345764;0.50535649061203,0.2851243019104004;0.6350750923156738,0.2771441340446472;
Phoebe Buffay;0.39289331436157227,0.22278189659118652;0.4531741142272949,0.22331875562667847;0.43804144859313965,0.2988007664680481;0.4240114092826843,0.3568950295448303;0.31668031215667725,0.22530746459960938;0.4581085741519928,0.2344071865081787;
Monica Geller;0.5120167136192322,0.2744295597076416;0.5648924112319946,0.27167004346847534;0.5431236028671265,0.32195472717285156;0.5434757471084595,0.3748645782470703;0.4756554663181305,0.30440986156463623;0.5938223004341125,0.2955833673477173;
Monica Geller;0.5488204956054688,0.32153254747390747;0.6031206250190735,0.31722211837768555;0.5806822776794434,0.37409311532974243;0.5822538733482361,0.42174237966537476;0.5129599571228027,0.3450695276260376;0.6325386762619019,0.3309289216995239;
Chandler Bing;0.5455317497253418,0.24730592966079712;0.6033384799957275,0.23649722337722778;0.5697880983352661,0.3063814640045166;0.5747610926628113,0.36545330286026;0.5213459730148315,0.2810395359992981;0.6518869400024414,0.2640078067779541;
Joey Tribbiani;0.43025195598602295,0.30609822273254395;0.4952091872692108,0.3045766353607178;0.47013574838638306,0.3571479320526123;0.46992355585098267,0.41384613513946533;0.3851231634616852,0.3428550958633423;0.5255178213119507,0.3308788537979126;
Joey Tribbiani;0.567953884601593,0.3422222137451172;0.6182562112808228,0.34730029106140137;0.6168853044509888,0.40314745903015137;0.6033266186714172,0.4549388885498047;0.4878029227256775,0.3645499348640442;0.6072536706924438,0.37159550189971924;
Chandler Bing;0.5784801840782166,0.2341894507408142;0.6221413016319275,0.22786355018615723;0.5833009481430054,0.2855287194252014;0.5936386585235596,0.3409698009490967;0.5830958485603333,0.26294541358947754;0.6889218091964722,0.25278669595718384;
Joey Tribbiani;0.37304502725601196,0.24291753768920898;0.4199885129928589,0.23299753665924072;0.42355236411094666,0.29317647218704224;0.41569459438323975,0.35460007190704346;0.2994352877140045,0.291772723197937;0.41216519474983215,0.26687532663345337;
Chandler Bing;0.5720906853675842,0.2463201880455017;0.6241559386253357,0.23145067691802979;0.5842586755752563,0.2991364598274231;0.5967821478843689,0.35503649711608887;0.5725588202476501,0.2780272960662842;0.6937676668167114,0.24862772226333618;
Chandler Bing;0.5584409832954407,0.2536289095878601;0.6118177175521851,0.2586785554885864;0.5639267563819885,0.320228636264801;0.5715274810791016,0.371795117855072;0.5590143799781799,0.2644888162612915;0.6824901103973389,0.27542948722839355;
Joey Tribbiani;0.4069797098636627,0.30107182264328003;0.4595429599285126,0.3254411220550537;0.43879416584968567,0.37215155363082886;0.42673441767692566,0.4222445487976074;0.3495118319988251,0.30832457542419434;0.46768197417259216,0.3554975390434265;
Joey Tribbiani;0.4115280210971832,0.3142145276069641;0.464936226606369,0.33176785707473755;0.4435802102088928,0.3836095333099365;0.433243066072464,0.4318590760231018;0.35680463910102844,0.32064855098724365;0.47572916746139526,0.35591810941696167;
Joey Tribbiani;0.42113885283470154,0.37433481216430664;0.4647587835788727,0.3914276957511902;0.44723331928253174,0.44238364696502686;0.4381020665168762,0.48534446954727173;0.3743742108345032,0.37592369318008423;0.47496911883354187,0.41147953271865845;
Joey Tribbiani;0.41408637166023254,0.3506213426589966;0.46260616183280945,0.3809193968772888;0.4399694502353668,0.42286014556884766;0.42767271399497986,0.46819162368774414;0.3627699613571167,0.3510250449180603;0.4713440239429474,0.41099947690963745;
Chandler Bing;0.598838746547699,0.2520357370376587;0.6546171307563782,0.23926639556884766;0.6110016107559204,0.31507307291030884;0.6237592697143555,0.36908698081970215;0.5984896421432495,0.2749934792518616;0.7274004817008972,0.24940061569213867;
Chandler Bing;0.6404871940612793,0.25233495235443115;0.6955429911613464,0.2545626759529114;0.6561077833175659,0.31149840354919434;0.6610364317893982,0.3641355037689209;0.6266007423400879,0.2781934142112732;0.7503979206085205,0.2837240695953369;
Chandler Bing;0.6479434967041016,0.40230870246887207;0.6984034776687622,0.3998161554336548;0.6796784400939941,0.47431743144989014;0.6802385449409485,0.5067108869552612;0.6119344830513,0.3881951570510864;0.7243124842643738,0.37714219093322754;
Chandler Bing;0.601690411567688,0.32147395610809326;0.6571958661079407,0.29583173990249634;0.6289994120597839,0.38303953409194946;0.6410593390464783,0.4313089847564697;0.5865811705589294,0.33765119314193726;0.7122346758842468,0.28339821100234985;
Joey Tribbiani;0.43711522221565247,0.33835989236831665;0.48072949051856995,0.3520250916481018;0.4720173180103302,0.406144380569458;0.4587143361568451,0.4483547806739807;0.37231937050819397,0.33634984493255615;0.4758986532688141,0.36593836545944214;
Joey Tribbiani;0.41575074195861816,0.2889443635940552;0.4648589491844177,0.29220616817474365;0.45373865962028503,0.3621279001235962;0.4445016086101532,0.4011662006378174;0.35599809885025024,0.27951866388320923;0.4687199890613556,0.2875235080718994;
Joey Tribbiani;0.4422847032546997,0.2695792317390442;0.4906546175479889,0.2881494164466858;0.47640183568000793,0.3312789797782898;0.4662317633628845,0.38072288036346436;0.38686618208885193,0.2865930199623108;0.4964011311531067,0.3168289065361023;
Joey Tribbiani;0.4852693974971771,0.33784377574920654;0.5228222012519836,0.38840633630752563;0.5023729801177979,0.42266935110092163;0.4781823754310608,0.4629119038581848;0.4221377670764923,0.3080229163169861;0.5125511288642883,0.4211381673812866;
Joey Tribbiani;0.4611220061779022,0.3383219838142395;0.4991435110569,0.36928313970565796;0.4816662669181824,0.4208385944366455;0.4618718922138214,0.4581061601638794;0.4004463851451874,0.3061182498931885;0.4938606917858124,0.3826979994773865;
Chandler Bing;0.5974801778793335,0.2867705225944519;0.64875328540802,0.25697630643844604;0.6261033415794373,0.34167569875717163;0.6385266780853271,0.38589340448379517;0.5823086500167847,0.30634599924087524;0.69808429479599,0.24250149726867676;
Phoebe Buffay;0.6861357688903809,0.22165822982788086;0.7265627384185791,0.2649646997451782;0.7152836918830872,0.3345082402229309;0.6842840909957886,0.38973063230514526;0.5939428210258484,0.1809004545211792;0.6971102356910706,0.28594517707824707;
Chandler Bing;0.3029015064239502,0.227677583694458;0.3552967309951782,0.26152610778808594;0.3076228201389313,0.30316227674484253;0.3007572889328003,0.3494284749031067;0.2831863462924957,0.22348368167877197;0.40057530999183655,0.3001416325569153;
Phoebe Buffay;0.6525607109069824,0.2693473696708679;0.7113169431686401,0.2636708617210388;0.6891800165176392,0.3301392197608948;0.6870490908622742,0.38191986083984375;0.6079140305519104,0.2940412759780884;0.7361196875572205,0.2829463481903076;
Joey Tribbiani;0.3475768268108368,0.2620314359664917;0.4021030068397522,0.24138426780700684;0.3819633722305298,0.3107101321220398;0.38741782307624817,0.36038559675216675;0.3165021538734436,0.2905367612838745;0.43775489926338196,0.2434309720993042;
Ross Geller;0.5341812968254089,0.483745813369751;0.5821996927261353,0.456764817237854;0.5644355416297913,0.553126871585846;0.5788046717643738,0.5798851847648621;0.5210564732551575,0.4572921395301819;0.6307305097579956,0.388491153717041;
Rachel Green;0.38007110357284546,0.5266558527946472;0.4438836872577667,0.5047957897186279;0.43038371205329895,0.5726735591888428;0.4311119019985199,0.6269709467887878;0.3271036744117737,0.561609148979187;0.4645423889160156,0.5103194713592529;
Rachel Green;0.3366665840148926,0.5422075986862183;0.4047353267669678,0.5058077573776245;0.3856232762336731,0.5934077501296997;0.39361533522605896,0.6567941308021545;0.2952227294445038,0.5920719504356384;0.44320717453956604,0.5129127502441406;
Rachel Green;0.4667825996875763,0.32647401094436646;0.5323443412780762,0.29662275314331055;0.508578360080719,0.3775430917739868;0.5179498791694641,0.4361383318901062;0.4334274232387543,0.3686221241950989;0.5762407779693604,0.30411404371261597;
Rachel Green;0.5046907067298889,0.3193080425262451;0.5771961212158203,0.31089460849761963;0.5491591095924377,0.3815843462944031;0.550919771194458,0.4395349621772766;0.45832961797714233,0.3553294539451599;0.6120938658714294,0.33248698711395264;
Rachel Green;0.2468409538269043,0.2819230556488037;0.3022252917289734,0.3056657314300537;0.2660176455974579,0.32715505361557007;0.25841060280799866,0.3923311233520508;0.21039240062236786,0.3218922019004822;0.3347918391227722,0.37410998344421387;
Chandler Bing;0.4086318612098694,0.1576952338218689;0.46578744053840637,0.19884806871414185;0.428210973739624,0.2382667064666748;0.4138624668121338,0.2919943332672119;0.3607152998447418,0.15443408489227295;0.4889882504940033,0.2440195083618164;
